{
    // 使用 IntelliSense 了解相关属性。 
    // 悬停以查看现有属性的描述。
    // 欲了解更多信息，请访问: https://go.microsoft.com/fwlink/?linkid=830387
    "version": "0.2.0",
    "configurations": [
        {
            "name": "luaRad-LD-2dx",
            "type": "lua",
            "request": "launch",
            "runtimeType": "Cocos2",
            "localRoot": "${workspaceRoot}",
            "mainFile": "src/main.lua",
            "port": 7003,
            "exePath": "simulator/win32/xxx.exe",
            "printType": 1
        },
        {
            "name": "luaRad-RD-2dx",
            "type": "lua",
            "request": "attach",
            "runtimeType": "Cocos2",
            "localRoot": "${workspaceRoot}",
            "port": 7003,
            "printType": 1
        },
        {
            "name": "LuaRad-RD-unity",
            "type": "lua",
            "request": "attach",
            "runtimeType": "Unity",
            "localRoot": "${workspaceRoot}",
            "port": 7003,
            "printType": 1
        }
    ]
}